episode,step,score,best_as,best_step,best_bcrs,best_mcrs,best_crs,best_score
1,124,22.04932546380064,-1.5469146421868913,85,24.016910546113166,6.334361767650835,30.351272313764,38.804357671577094
2,249,52.04932546380064,-1.5469146421868984,197,24.016910546113166,6.334361767650835,30.351272313764,38.804357671577094
3,323,25.719087463937804,-1.5469146421868984,310,24.01691054611317,6.334361767650834,30.35127231376401,38.804357671577094
4,346,47.34691637589509,-1.546914642186895,338,54.30342207578438,6.334361767650834,59.637783843435216,58.09086920124832
5,376,20.474076829710132,-17.28059512770239,376,34.233653262161205,3.5210186952513154,37.75467195741252,20.474076829710132
6,400,49.51616120331842,-17.83082813311301,397,63.05427155662302,7.014339657102001,70.06861121372502,52.23778308061201
7,425,53.26255085676362,-16.71105180566529,425,62.941907910485284,7.031694751943623,69.9736026624289,53.26255085676362
8,450,-19.404621396330818,3.717922766870649,429,0.08292351265719211,0.03785506365846083,0.12077857631565295,3.838701343186302
9,476,-17.946031329230905,6.530422766870707,455,0.10512916027483321,0.04027426058848862,0.14540342086332184,6.675826187734029
10,506,-16.10266476581738,3.717922766870649,479,0.08292351265719211,0.03785506365846083,0.12077857631565295,3.838701343186302
11,526,17.856453343164322,-6.580828133113005,520,27.286495931133732,2.801686694909887,30.08818262604362,23.507354492930613
12,547,52.74039967100716,-17.280595127702398,547,62.997977594186736,7.023017204522813,70.02099479870955,52.74039967100716
13,576,52.254732063843655,-1.546914642186895,561,54.418828919935955,6.334361767650834,60.75319068758679,59.20627604539989
14,600,-16.089328711688943,3.717922766870649,579,0.08292351265719211,0.03785506365846083,0.12077857631565295,3.838701343186302
15,629,49.11685311666728,-22.900768984470652,627,65.22723300640418,7.266458695626788,72.49369170203096,49.59292271756031
16,656,20.648139809547384,-1.5469146421868936,635,23.08331793320643,2.2972034992202817,25.38052143242671,23.833606790239816
17,678,52.08303786147276,-16.120793331856216,678,61.33834224218322,6.865488951145745,68.20383119332897,52.08303786147276
18,704,-14.931059243758988,6.530422766870707,682,0.1051291602748332,0.04027426058848862,0.1454034208633218,6.675826187734029
19,731,54.53052465883475,-1.5469146421868913,720,56.41882891993595,6.334361767650834,62.75319068758678,59.20627604539989
20,752,17.59120897146703,-12.796914642186794,748,29.39540989915325,3.0186667425646077,32.414076641717855,19.617161999531064
21,774,14.892103507010475,-14.87169106748283,770,29.373261696335867,3.008071919307166,32.38133361564303,17.50964254816021
22,796,-20.309311324497777,3.717922766870649,778,0.08292351265719211,0.03785506365846083,0.12077857631565295,3.838701343186302
23,819,17.351637831387865,-9.539965198743293,810,27.248346729065144,2.7900660532232378,30.038412782288383,20.498447583545094
24,846,54.39235311922843,-1.5469146421868984,834,56.418828919935955,6.334361767650833,62.75319068758679,59.20627604539989
25,869,15.286937765847876,-14.871691067482827,864,29.250659060095487,3.008071919307166,32.25873097940265,17.387039911919825
26,893,17.351637831387862,-14.871691067482834,888,29.250659060095487,3.0080719193071657,32.25873097940265,17.38703991191982
27,913,52.86919562619554,-8.612265896583526,909,59.11867231376392,6.615977102277877,65.7346494160418,57.12238351945828
28,934,52.08303786147276,-16.120793331856213,934,61.338342242183224,6.865488951145746,68.20383119332897,52.08303786147276
29,954,15.418269983552458,-14.871691067482832,950,29.373261696335867,3.008071919307166,32.38133361564303,17.50964254816021
30,976,17.856453343164322,2.0727157335923976,960,22.65245780935546,2.244969062820436,24.8974268721759,26.97014260576829
31,1003,49.382527159682006,-21.23465929584287,1001,64.10012620329448,7.127752219937122,71.2278784232316,49.99321912738875
32,1022,18.638408925603834,0.9054227668706489,1007,22.223052590700803,2.238517871007029,24.461570461707833,25.36699322857848
33,1055,52.117658209474314,-1.5469146421868913,1039,54.18847501985651,6.334361767650835,60.522836787507345,58.97592214532045
34,1086,-14.321490861449409,1.4472370485836796,1063,0.11463640334251249,0.03543586672843303,0.15007227007094553,1.5973093186546254
35,1117,-16.104871990929663,6.530422766870705,1090,0.10512916027483321,0.04027426058848862,0.14540342086332184,6.675826187734028
36,1143,54.53052465883475,-1.5469146421868913,1133,56.418828919935955,6.334361767650834,62.75319068758679,59.20627604539989
37,1164,52.74039967100717,-17.280595127702398,1164,62.997977594186736,7.023017204522812,70.02099479870955,52.74039967100717
38,1188,20.786787268772866,-6.580828133113005,1177,27.382060211245648,2.801686694909887,30.183746906155534,23.602918773042532
39,1211,15.286937765847876,-14.871691067482834,1207,29.250659060095487,3.0080719193071657,32.25873097940265,17.387039911919825
40,1235,50.390425134966534,-20.789965198743232,1235,64.0437631112557,7.136627222454058,71.18039033370975,50.390425134966534
41,1259,20.856526940763285,-6.580828133113005,1249,27.382060211245648,2.801686694909887,30.183746906155534,23.602918773042532
42,1286,55.30283526194704,-19.862265896583526,1286,67.65455412759714,7.510547030933421,75.16510115853056,55.30283526194704
43,1310,52.08303786147276,-16.120793331856213,1310,61.338342242183224,6.865488951145745,68.20383119332897,52.08303786147276
44,1337,17.341494685705044,-21.234659295842878,1337,34.998397536195405,3.577756445352504,38.57615398154791,17.341494685705044
45,1359,15.352472804622614,-19.377742775299836,1359,31.498589464920016,3.2316261150024324,34.73021557992245,15.352472804622614
46,1378,17.681991052183086,-4.258255761604605,1371,27.445737335606808,2.809433789367652,30.25517112497446,25.99691536336985
47,1400,15.35247280462261,-19.377742775299836,1400,31.498589464920013,3.231626115002432,34.730215579922444,15.35247280462261
48,1422,53.390977818660794,-16.711051805665292,1422,63.07033487238246,7.031694751943624,70.10202962432608,53.390977818660794
49,1448,20.71732544408122,-1.5469146421868936,1429,23.663613981139818,2.367371679791697,26.030985660931513,24.484071018744622
50,1474,-16.093791808978764,3.717922766870649,1451,0.08292351265719211,0.03785506365846083,0.12077857631565295,3.838701343186302
51,1502,54.39235311922843,-1.5469146421868984,1492,56.303422075784376,6.334361767650833,62.63778384343521,59.09086920124831
52,1526,20.856526940763285,-6.580828133113005,1516,27.38206021124565,2.8016866949098875,30.183746906155537,23.602918773042532
53,1551,52.86919562619554,-8.612265896583523,1545,59.11867231376392,6.615977102277878,65.7346494160418,57.12238351945828
54,1573,15.352472804622614,-14.871691067482827,1569,29.31183802029527,3.008071919307166,32.31990993960243,17.44821887211961
55,1601,20.64813980954739,-6.580828133113005,1589,27.34373523093773,2.801686694909887,30.145421925847618,23.56459379273462
56,1623,14.892103507010477,-6.580828133113005,1616,27.382060211245655,2.8016866949098875,30.18374690615554,23.60291877304254
57,1646,15.221663303768066,-19.377742775299833,1646,31.367779964065466,3.231626115002431,34.5994060790679,15.221663303768066
58,1675,15.189123303803752,-14.871691067482834,1669,29.18972335619868,3.0080719193071657,32.19779527550585,17.326104208023015
59,1699,-16.089328711688943,3.717922766870649,1678,0.08292351265719211,0.03785506365846083,0.12077857631565295,3.838701343186302
60,1726,-19.550908095770083,3.717922766870649,1702,0.08292351265719211,0.03785506365846083,0.12077857631565295,3.838701343186302
61,1751,50.447329817906414,-1.5469146421868984,1743,56.41882891993595,6.334361767650834,62.75319068758678,59.20627604539989
62,1776,-18.611107799532586,3.717922766870649,1754,0.08292351265719211,0.03785506365846083,0.12077857631565295,3.838701343186302
63,1806,21.794724574133703,-16.12079333185622,1806,34.38501377546837,3.5305041305215434,37.915517905989915,21.794724574133703
64,1826,18.638408925603834,0.9054227668706489,1810,22.223052590700803,2.238517871007029,24.461570461707833,25.36699322857848
65,1850,15.286937765847878,-14.871691067482834,1845,29.311838020295276,3.0080719193071657,32.31990993960244,17.448218872119615
66,1873,53.26255085676361,-16.711051805665292,1873,62.941907910485284,7.031694751943625,69.9736026624289,53.26255085676361
67,1898,20.021437755808314,-17.830828133113016,1898,34.33598991130513,3.5162759776162025,37.85226588892133,20.021437755808314
68,1923,-16.098237125004495,3.717922766870649,1901,0.08292351265719211,0.03785506365846083,0.12077857631565295,3.838701343186302
69,1952,54.39235311922843,-1.5469146421868913,1938,56.41882891993596,6.334361767650834,62.753190687586795,59.20627604539989
70,1980,54.76803001256806,-20.332742873148042,1980,67.59950330905491,7.50126957666118,75.10077288571608,54.76803001256806
71,2007,49.116853116667286,-17.83082813311301,2002,62.925620315991026,7.014339657102001,69.93995997309302,52.10913183998004
72,2028,51.93422855601352,-8.612265896583516,2023,57.31270006498465,6.449299785450237,63.76199985043488,55.14973395385135
73,2050,15.352472804622618,-19.37774277529984,2050,31.498589464920016,3.2316261150024324,34.73021557992245,15.352472804622618
74,2072,-17.939911025348767,3.717922766870649,2053,0.08292351265719211,0.03785506365846083,0.12077857631565295,3.838701343186302
75,2094,54.111057516141365,-17.83082813311301,2094,64.7520084116987,7.189877237555671,71.94188564925437,54.111057516141365
76,2118,20.786787268772873,0.9054227668706489,2097,22.223052590700803,2.2385178710070286,24.461570461707833,25.36699322857848
77,2140,51.95830954687599,-16.120793331856213,2140,61.21361392758645,6.865488951145745,68.0791028787322,51.95830954687599
78,2160,53.519918488405565,-16.71105180566529,2160,63.199275542127225,7.031694751943625,70.23097029407084,53.519918488405565
79,2185,54.39235311922843,-1.5469146421868984,2173,56.418828919935955,6.334361767650833,62.75319068758679,59.20627604539989
80,2206,14.826380591262268,-9.539965198743293,2199,27.248346729065144,2.7900660532232378,30.038412782288383,20.498447583545094
81,2228,51.56592877255115,-8.612265896583523,2222,57.42989108307841,6.449299785450237,63.879190868528646,55.26692497194513
82,2255,-16.098237125004488,6.530422766870707,2231,0.10512916027483321,0.04027426058848862,0.14540342086332184,6.675826187734029
83,2277,52.74039967100716,-17.280595127702398,2277,62.99797759418674,7.023017204522813,70.02099479870955,52.74039967100716
84,2304,20.786787268772866,-6.580828133113005,2292,27.343735230937728,2.801686694909887,30.145421925847614,23.564593792734613
85,2333,20.648139809547395,0.9054227668706489,2308,22.223052590700803,2.2385178710070286,24.461570461707833,25.36699322857848
86,2359,-16.102664765817384,6.530422766870707,2337,0.1051291602748332,0.04027426058848862,0.1454034208633218,6.675826187734029
87,2387,51.17477962735884,-14.871691067482827,2382,63.15854733105931,7.057727394206063,70.21627472526538,55.34458365778256
88,2415,20.648139809547388,-6.580828133113005,2403,27.34373523093773,2.8016866949098875,30.145421925847618,23.564593792734616
89,2442,54.530524658834764,-1.5469146421868984,2430,56.418828919935955,6.334361767650834,62.75319068758679,59.2062760453999
90,2463,17.681991052183093,-4.258255761604605,2455,27.445737335606808,2.809433789367652,30.25517112497446,25.996915363369858
91,2489,19.95010843462807,-17.830828133113016,2489,34.264660590124876,3.516275977616202,37.78093656774108,19.95010843462807
92,2515,49.516161203318426,-17.83082813311301,2511,63.05427155662302,7.014339657102001,70.06861121372502,52.23778308061202
93,2536,17.79242340176207,-6.580828133113005,2529,27.286495931133736,2.801686694909887,30.088182626043622,23.507354492930624
94,2560,-16.09379180897877,6.530422766870707,2540,0.1051291602748332,0.04027426058848862,0.1454034208633218,6.675826187734029
95,2581,50.447329817906414,-1.5469146421868984,2575,56.418828919935955,6.334361767650834,62.75319068758679,59.20627604539989
96,2601,15.352472804622618,-19.37774277529984,2601,31.498589464920016,3.2316261150024324,34.73021557992245,15.352472804622618
97,2626,-14.92660393825905,3.717922766870649,2603,0.08292351265719211,0.03785506365846083,0.12077857631565295,3.838701343186302
98,2647,53.519918488405565,-16.71105180566529,2647,63.199275542127225,7.031694751943623,70.23097029407084,53.519918488405565
99,2667,-17.935810462468325,3.717922766870649,2650,0.08292351265719211,0.03785506365846083,0.12077857631565295,3.838701343186302
100,2689,52.61211684711436,-17.280595127702398,2689,62.86969477029395,7.023017204522812,69.89271197481676,52.61211684711436
101,2716,-14.93105924375898,3.717922766870649,2692,0.08292351265719211,0.03785506365846083,0.12077857631565295,3.838701343186302
102,2742,20.786787268772876,-1.5469146421868945,2723,23.663613981139825,2.367371679791697,26.03098566093152,24.48407101874463
103,2764,15.418269983552454,-14.871691067482834,2760,29.373261696335867,3.0080719193071657,32.38133361564303,17.509642548160205
104,2787,15.35247280462261,-14.871691067482832,2783,29.311838020295273,3.008071919307166,32.31990993960244,17.448218872119607
105,2807,18.638408925603834,0.9054227668706489,2790,22.223052590700803,2.238517871007029,24.461570461707833,25.36699322857848
106,2833,-16.098237125004488,3.717922766870649,2810,0.08292351265719211,0.03785506365846083,0.12077857631565295,3.838701343186302
107,2853,14.892103507010475,-14.87169106748283,2849,29.373261696335867,3.008071919307166,32.38133361564303,17.50964254816021
108,2879,-16.09823712500448,3.717922766870649,2856,0.08292351265719211,0.03785506365846083,0.12077857631565295,3.838701343186302
109,2900,17.615896820526707,-4.258255761604605,2892,27.445737335606808,2.809433789367652,30.25517112497446,25.996915363369858
110,2928,-18.620165777416148,3.717922766870649,2903,0.08292351265719211,0.03785506365846083,0.12077857631565295,3.838701343186302
111,2950,15.352472804622614,-9.539965198743293,2941,27.286544524703903,2.7900660532232378,30.07661057792714,20.536645379183852
112,2974,-16.089328711688943,3.717922766870649,2953,0.08292351265719211,0.03785506365846083,0.12077857631565295,3.838701343186302
113,2995,17.681991052183086,-4.258255761604605,2988,27.445737335606808,2.809433789367652,30.25517112497446,25.99691536336985
114,3016,14.826380591262268,-9.539965198743293,3009,27.248346729065144,2.7900660532232378,30.038412782288383,20.498447583545094
115,3041,20.856526940763285,-6.580828133113005,3029,27.38206021124565,2.8016866949098875,30.183746906155537,23.602918773042532
116,3069,54.11765820947433,-1.5469146421868913,3056,56.30342207578439,6.334361767650833,62.63778384343522,59.090869201248324
117,3095,-16.09379180897877,3.717922766870649,3072,0.08292351265719211,0.03785506365846083,0.12077857631565295,3.838701343186302
118,3121,56.65409916265932,-1.546914642186902,3110,56.30342207578438,6.334361767650834,62.637783843435216,59.09086920124832
119,3147,-16.098237125004488,3.717922766870649,3124,0.08292351265719211,0.03785506365846083,0.12077857631565295,3.838701343186302
120,3174,20.786787268772873,0.9054227668706489,3151,22.223052590700803,2.238517871007029,24.461570461707833,25.36699322857848
121,3197,-16.089328711688943,3.717922766870649,3177,0.08292351265719211,0.03785506365846083,0.12077857631565295,3.838701343186302
122,3221,20.021437755808314,-17.830828133113016,3221,34.33598991130513,3.5162759776162025,37.85226588892133,20.021437755808314
123,3242,-17.935810462468325,3.717922766870649,3224,0.08292351265719211,0.03785506365846083,0.12077857631565295,3.838701343186302
124,3263,15.418269983552454,-14.871691067482834,3259,29.373261696335867,3.0080719193071657,32.38133361564303,17.509642548160205
125,3283,-17.935810462468325,3.717922766870649,3265,0.08292351265719211,0.03785506365846083,0.12077857631565295,3.838701343186302
126,3306,-16.089328711688943,3.717922766870649,3286,0.08292351265719211,0.03785506365846083,0.12077857631565295,3.838701343186302
127,3326,18.638408925603834,0.9054227668706489,3310,22.223052590700803,2.238517871007029,24.461570461707833,25.36699322857848
128,3351,20.02143775580832,-17.830828133113016,3351,34.33598991130513,3.5162759776162016,37.85226588892133,20.02143775580832
129,3379,52.117658209474314,-1.5469146421868913,3368,54.18847501985652,6.334361767650835,60.52283678750735,58.97592214532045
130,3403,49.382527159682,-22.900768984470652,3402,65.49320998447365,7.266458695626788,72.75966868010045,49.85889969562979
131,3430,59.20913481894668,-18.363017424369566,3430,69.84908572335408,7.723066519962175,77.57215224331625,59.20913481894668
132,3452,17.525423061006194,-4.258255761604603,3437,23.973894285349715,2.431603005159043,26.40549729050876,22.147241528904154
133,3479,54.39235311922843,-1.5469146421868984,3468,56.303422075784376,6.334361767650834,62.63778384343521,59.09086920124832
134,3504,-16.093791808978764,3.717922766870649,3482,0.08292351265719211,0.03785506365846083,0.12077857631565295,3.838701343186302
135,3527,15.286937765847874,-19.37774277529984,3527,31.43305442614528,3.2316261150024324,34.66468054114771,15.286937765847874
136,3553,-16.09379180897877,3.717922766870649,3530,0.08292351265719211,0.03785506365846083,0.12077857631565295,3.838701343186302
137,3573,53.51991848840555,-16.711051805665292,3573,63.19927554212722,7.031694751943623,70.23097029407084,53.51991848840555
138,3593,52.20826409349307,-16.120793331856213,3593,61.463568474203534,6.865488951145745,68.32905742534928,52.20826409349307
139,3617,-16.098237125004488,6.530422766870707,3596,0.10512916027483321,0.04027426058848862,0.14540342086332184,6.675826187734029
140,3642,-16.089328711688943,3.717922766870649,3620,0.08292351265719211,0.03785506365846083,0.12077857631565295,3.838701343186302
141,3668,52.25473206384364,-1.5469146421868913,3658,54.18847501985652,6.334361767650835,60.52283678750735,58.975922145320446
142,3696,-16.104871990929666,3.717922766870649,3671,0.08292351265719211,0.03785506365846083,0.12077857631565295,3.838701343186302
143,3717,15.418269983552458,-14.871691067482832,3713,29.373261696335867,3.008071919307166,32.38133361564303,17.50964254816021
144,3739,52.208264093493085,-16.120793331856213,3739,61.46356847420354,6.865488951145746,68.32905742534929,52.208264093493085
145,3760,-17.939911025348767,3.717922766870649,3742,0.08292351265719211,0.03785506365846083,0.12077857631565295,3.838701343186302
146,3784,-16.089328711688943,3.717922766870649,3763,0.08292351265719211,0.03785506365846083,0.12077857631565295,3.838701343186302
147,3809,55.57905347845744,-19.862265896583526,3809,67.93077234410752,7.510547030933419,75.44131937504095,55.57905347845744
148,3833,53.6950063447874,-9.53996519874329,3827,57.155439939942674,6.44137373247302,63.59681367241569,54.0568484736724
149,3854,17.681991052183093,-4.258255761604605,3847,27.44573733560681,2.8094337893676515,30.255171124974463,25.996915363369858
150,3875,15.41826998355246,-19.37774277529984,3875,31.564386643849854,3.231626115002432,34.796012758852285,15.41826998355246
151,3900,15.221663303768066,-14.87169106748283,3896,29.189723356198677,3.008071919307166,32.19779527550584,17.326104208023015
152,3924,20.786787268772873,0.9054227668706489,3904,22.223052590700803,2.2385178710070286,24.461570461707833,25.36699322857848
153,3949,54.53052465883475,-1.5469146421868913,3939,56.41882891993595,6.334361767650835,62.75319068758678,59.20627604539989
154,3974,20.786787268772876,-1.5469146421868927,3956,23.66361398113982,2.367371679791697,26.03098566093152,24.48407101874463
155,3998,-16.09379180897877,3.717922766870649,3977,0.08292351265719211,0.03785506365846083,0.12077857631565295,3.838701343186302
156,4018,17.681991052183086,-4.258255761604605,4011,27.445737335606808,2.809433789367652,30.25517112497446,25.99691536336985
157,4042,15.286937765847874,-14.871691067482834,4037,29.311838020295276,3.0080719193071657,32.31990993960244,17.44821887211961
158,4069,59.3516329903934,-18.36301742436957,4069,69.99158389480078,7.723066519962174,77.71465041476296,59.3516329903934
159,4095,-16.093791808978764,3.717922766870649,4072,0.08292351265719211,0.03785506365846083,0.12077857631565295,3.838701343186302
160,4115,14.892103507010475,-14.87169106748283,4111,29.373261696335867,3.008071919307166,32.38133361564303,17.50964254816021
161,4139,20.786787268772873,0.9054227668706489,4119,22.223052590700803,2.238517871007029,24.461570461707833,25.36699322857848
162,4164,20.021437755808314,-17.830828133113016,4164,34.33598991130513,3.5162759776162025,37.85226588892133,20.021437755808314
163,4190,20.71732544408122,-6.580828133113009,4179,27.286495931133732,2.801686694909887,30.08818262604362,23.507354492930617
164,4215,-16.098237125004488,6.530422766870707,4194,0.10512916027483321,0.04027426058848862,0.14540342086332184,6.675826187734029
165,4238,-16.089328711688943,3.717922766870649,4218,0.08292351265719211,0.03785506365846083,0.12077857631565295,3.838701343186302
166,4262,-16.089328711688943,3.717922766870649,4241,0.08292351265719211,0.03785506365846083,0.12077857631565295,3.838701343186302
167,4282,-16.40679001556536,3.717922766870649,4265,0.08292351265719211,0.03785506365846083,0.12077857631565295,3.838701343186302
168,4307,20.856526940763285,-6.580828133113005,4297,27.382060211245648,2.801686694909887,30.183746906155534,23.602918773042532
169,4327,17.615896820526707,-4.258255761604609,4319,27.445737335606815,2.8094337893676515,30.255171124974467,25.996915363369858
170,4353,-16.10266476581738,6.530422766870707,4331,0.1051291602748332,0.04027426058848862,0.1454034208633218,6.675826187734029
171,4372,-19.39643166153603,3.717922766870649,4356,0.08292351265719211,0.03785506365846083,0.12077857631565295,3.838701343186302
172,4391,17.681991052183093,-4.258255761604605,4384,27.445737335606808,2.809433789367652,30.25517112497446,25.996915363369858
173,4414,-16.089328711688943,3.717922766870649,4394,0.08292351265719211,0.03785506365846083,0.12077857631565295,3.838701343186302
174,4440,20.648139809547388,-6.580828133113009,4428,27.343735230937735,2.801686694909887,30.14542192584762,23.564593792734616
175,4466,20.78678726877287,-1.5469146421868936,4447,23.663613981139825,2.367371679791697,26.03098566093152,24.484071018744626
176,4486,17.9207388931151,-6.580828133113005,4479,27.382060211245655,2.8016866949098875,30.18374690615554,23.60291877304254
177,4510,20.786787268772876,2.0727157335923976,4491,22.652457809355464,2.2449690628204357,24.8974268721759,26.970142605768295
178,4529,-17.935810462468325,6.530422766870707,4513,0.10512916027483321,0.04027426058848862,0.14540342086332184,6.675826187734029
179,4552,-16.089328711688943,3.717922766870649,4532,0.08292351265719211,0.03785506365846083,0.12077857631565295,3.838701343186302
180,4579,54.39235311922843,-1.5469146421868913,4567,56.41882891993595,6.334361767650834,62.75319068758678,59.20627604539989
181,4600,50.652200187411566,-20.789965198743232,4600,64.30553816370073,7.136627222454057,71.44216538615478,50.652200187411566
182,4621,15.352472804622618,-4.258255761604605,4613,27.445737335606808,2.809433789367652,30.25517112497446,25.996915363369858
183,4645,-16.093791808978768,3.717922766870649,4624,0.08292351265719211,0.03785506365846083,0.12077857631565295,3.838701343186302
184,4672,-16.102664765817384,3.717922766870649,4648,0.08292351265719211,0.03785506365846083,0.12077857631565295,3.838701343186302
185,4701,52.117658209474314,-1.5469146421868984,4689,54.18847501985651,6.334361767650834,60.522836787507345,58.97592214532045
186,4726,-16.089328711688943,3.717922766870649,4705,0.08292351265719211,0.03785506365846083,0.12077857631565295,3.838701343186302
187,4750,-16.09379180897877,3.717922766870649,4729,0.08292351265719211,0.03785506365846083,0.12077857631565295,3.838701343186302
188,4772,15.41826998355246,-19.37774277529984,4772,31.564386643849854,3.231626115002432,34.796012758852285,15.41826998355246
189,4796,-16.093791808978764,3.717922766870649,4775,0.08292351265719211,0.03785506365846083,0.12077857631565295,3.838701343186302
190,4818,15.28693776584787,-19.377742775299836,4818,31.433054426145272,3.2316261150024315,34.6646805411477,15.28693776584787
191,4843,-16.09379180897877,6.530422766870707,4822,0.1051291602748332,0.04027426058848862,0.1454034208633218,6.675826187734029
192,4864,15.41826998355246,-19.37774277529984,4864,31.564386643849854,3.231626115002432,34.796012758852285,15.41826998355246
193,4888,-16.089328711688943,3.717922766870649,4867,0.08292351265719211,0.03785506365846083,0.12077857631565295,3.838701343186302
194,4914,54.39235311922843,-1.5469146421868913,4904,56.303422075784376,6.334361767650834,62.63778384343521,59.09086920124831
195,4937,20.786787268772876,-1.5469146421868927,4920,23.66361398113982,2.367371679791697,26.03098566093152,24.48407101874463
196,4963,52.25473206384364,-1.546914642186902,4953,54.18847501985651,6.334361767650833,60.522836787507345,58.97592214532045
197,4991,54.254732063843655,-1.5469146421868913,4978,56.41882891993595,6.334361767650833,62.75319068758678,59.20627604539989
198,5017,-16.09379180897877,3.717922766870649,4995,0.08292351265719211,0.03785506365846083,0.12077857631565295,3.838701343186302
199,5043,-16.098237125004488,3.717922766870649,5020,0.08292351265719211,0.03785506365846083,0.12077857631565295,3.838701343186302
200,5063,17.681991052183093,-4.258255761604605,5056,27.445737335606808,2.809433789367652,30.25517112497446,25.996915363369858
201,5086,20.22245981194007,0.9054227668706489,5067,22.223052590700803,2.2385178710070286,24.461570461707833,25.36699322857848
202,5112,54.53052465883475,-1.5469146421868913,5100,56.418828919935955,6.334361767650835,62.75319068758679,59.20627604539989
203,5137,20.786787268772866,-6.580828133113005,5126,27.382060211245648,2.801686694909887,30.183746906155534,23.602918773042532
204,5162,20.786787268772866,-6.580828133113005,5151,27.34373523093773,2.8016866949098875,30.145421925847618,23.564593792734613
205,5184,-16.41078291409731,6.530422766870707,5166,0.10512916027483321,0.04027426058848862,0.14540342086332184,6.675826187734029
206,5205,15.41826998355246,-19.37774277529984,5205,31.564386643849854,3.231626115002432,34.796012758852285,15.41826998355246
207,5225,15.41826998355246,-19.37774277529984,5225,31.564386643849854,3.231626115002432,34.796012758852285,15.41826998355246
208,5250,-16.10266476581738,6.530422766870707,5228,0.1051291602748332,0.04027426058848862,0.1454034208633218,6.675826187734029
209,5271,15.418269983552454,-9.539965198743293,5264,27.286544524703903,2.7900660532232378,30.07661057792714,20.536645379183852
210,5295,-14.310373330570599,6.530422766870705,5275,0.10512916027483321,0.04027426058848862,0.14540342086332184,6.675826187734028
211,5322,-16.09379180897877,3.717922766870649,5298,0.08292351265719211,0.03785506365846083,0.12077857631565295,3.838701343186302
212,5351,58.60891337501188,-20.332742873148042,5351,71.07172409678104,7.869932151378873,78.94165624815992,58.60891337501188
213,5379,54.25473206384364,-1.5469146421868984,5366,56.30342207578438,6.334361767650835,62.637783843435216,59.09086920124832
214,5404,20.78678726877287,-6.580828133113005,5393,27.382060211245648,2.801686694909887,30.183746906155534,23.602918773042532
215,5429,54.90573051883907,-20.332742873148042,5429,67.73720381532593,7.50126957666118,75.2384733919871,54.90573051883907
216,5456,20.648139809547388,-6.580828133113005,5444,27.286495931133732,2.801686694909887,30.08818262604362,23.507354492930617
217,5480,-16.089328711688943,3.717922766870649,5460,0.08292351265719211,0.03785506365846083,0.12077857631565295,3.838701343186302
218,5504,-16.098237125004488,3.717922766870649,5482,0.08292351265719211,0.03785506365846083,0.12077857631565295,3.838701343186302
219,5525,15.352472804622614,-19.37774277529984,5525,31.498589464920016,3.2316261150024324,34.73021557992245,15.352472804622614
220,5550,20.786787268772873,0.9054227668706489,5530,22.223052590700803,2.238517871007029,24.461570461707833,25.36699322857848
221,5570,17.681991052183093,-4.258255761604605,5563,27.44573733560681,2.8094337893676515,30.255171124974463,25.996915363369858
222,5593,-16.089328711688943,3.717922766870649,5573,0.08292351265719211,0.03785506365846083,0.12077857631565295,3.838701343186302
223,5616,-16.089328711688943,3.717922766870649,5596,0.08292351265719211,0.03785506365846083,0.12077857631565295,3.838701343186302
224,5639,53.51991848840555,-16.711051805665292,5639,63.19927554212722,7.031694751943623,70.23097029407084,53.51991848840555
225,5663,-15.518302471177524,3.717922766870649,5642,0.08292351265719211,0.03785506365846083,0.12077857631565295,3.838701343186302
226,5690,18.67666491545753,-19.862265896583523,5690,34.949117489659656,3.589813322381392,38.538930812041045,18.67666491545753
227,5714,18.7492180441794,-1.5469146421868936,5696,23.663613981139818,2.3673716797916966,26.030985660931513,24.484071018744622
228,5738,-20.861529720802174,3.717922766870649,5716,0.08292351265719211,0.03785506365846083,0.12077857631565295,3.838701343186302
229,5761,-18.122946331597863,3.717922766870649,5740,0.08292351265719211,0.03785506365846083,0.12077857631565295,3.838701343186302
230,5786,58.35602503254672,-17.28059512770239,5786,67.9041679973818,7.732452162867304,75.63662016024911,58.35602503254672
231,5809,16.334857598337535,-12.796914642186794,5800,28.67305441100686,2.9359444211214565,31.608998832128314,18.812084189941523
232,5828,-18.930476527791065,3.717922766870649,5811,0.08292351265719211,0.03785506365846083,0.12077857631565295,3.838701343186302
233,5852,16.33485759833754,-22.089083894717493,5852,34.860840753974145,3.563100739080887,38.42394149305503,16.33485759833754
234,5875,17.783382010013074,-13.518380938158653,5867,28.639528151908753,2.931890971376616,31.57141912328537,18.053038185126717
235,5899,59.54611642467485,-19.86226589658352,5899,71.53373651651614,7.874645804742239,79.40838232125839,59.54611642467485
236,5928,54.87729913688865,-23.291879938778244,5928,70.37204419345339,7.797134882213498,78.16917907566689,54.87729913688865
237,5950,-17.619726036847155,3.717922766870649,5930,0.08292351265719211,0.03785506365846083,0.12077857631565295,3.838701343186302
238,5975,57.37248939438216,-21.66749345875756,5975,71.20409250966186,7.835890343477866,79.03998285313973,57.37248939438216
239,5998,-20.86152972080218,3.717922766870649,5977,0.08292351265719211,0.03785506365846083,0.12077857631565295,3.838701343186302
240,6022,-20.861529720802174,3.717922766870649,6000,0.08292351265719211,0.03785506365846083,0.12077857631565295,3.838701343186302
241,6045,-20.86152972080218,3.717922766870649,6024,0.08292351265719211,0.03785506365846083,0.12077857631565295,3.838701343186302
242,6068,-20.861529720802174,3.717922766870649,6047,0.08292351265719211,0.03785506365846083,0.12077857631565295,3.838701343186302
243,6095,57.22757104605947,-21.667493458757566,6095,71.05917416133916,7.835890343477866,78.89506450481703,57.22757104605947
244,6118,-20.857006162823886,3.717922766870649,6097,0.08292351265719211,0.03785506365846083,0.12077857631565295,3.838701343186302
245,6136,-21.584690875449304,3.717922766870649,6120,0.08292351265719211,0.03785506365846083,0.12077857631565295,3.838701343186302
246,6158,17.783382010013067,-13.518380938158653,6150,28.63952815190875,2.931890971376616,31.571419123285366,18.05303818512671
247,6180,-20.857006162823886,3.717922766870649,6160,0.08292351265719211,0.03785506365846083,0.12077857631565295,3.838701343186302
248,6203,16.33485759833754,-22.089083894717493,6203,34.860840753974145,3.563100739080887,38.42394149305503,16.33485759833754
249,6226,-18.12750073201692,3.717922766870649,6205,0.08292351265719211,0.03785506365846083,0.12077857631565295,3.838701343186302
250,6250,18.749218044179408,-19.862265896583523,6250,35.021670618381535,3.589813322381392,38.61148394076292,18.749218044179408
251,6274,-20.861529720802174,3.717922766870649,6253,0.08292351265719211,0.03785506365846083,0.12077857631565295,3.838701343186302
252,6296,-20.857006162823886,3.717922766870649,6276,0.08292351265719211,0.03785506365846083,0.12077857631565295,3.838701343186302
253,6321,59.54611642467485,-19.862265896583526,6321,71.53373651651613,7.874645804742238,79.40838232125837,59.54611642467485
254,6345,-20.861529720802174,6.530422766870705,6324,0.10512916027483321,0.04027426058848862,0.14540342086332184,6.675826187734028
255,6368,-20.861529720802174,3.717922766870649,6347,0.08292351265719211,0.03785506365846083,0.12077857631565295,3.838701343186302
256,6392,59.54611642467485,-19.862265896583526,6392,71.53373651651613,7.874645804742237,79.40838232125837,59.54611642467485
257,6415,-20.857006162823886,3.717922766870649,6394,0.08292351265719211,0.03785506365846083,0.12077857631565295,3.838701343186302
258,6439,-20.857006162823886,3.717922766870649,6417,0.08292351265719211,0.03785506365846083,0.12077857631565295,3.838701343186302
259,6466,15.69163791975825,-13.51838093815865,6456,28.460365956171717,2.931890971376616,31.392256927548335,17.87387598938968
260,6489,18.82206138541617,0.9054227668706489,6469,22.223052590700803,2.2385178710070286,24.461570461707833,25.36699322857848
261,6511,-18.122946331597863,3.717922766870649,6491,0.08292351265719211,0.03785506365846083,0.12077857631565295,3.838701343186302
262,6533,-20.857006162823886,3.717922766870649,6513,0.08292351265719211,0.03785506365846083,0.12077857631565295,3.838701343186302
263,6561,18.60440026836079,-19.862265896583516,6561,34.87685284256292,3.589813322381392,38.466666164944314,18.60440026836079
264,6586,56.91873081298811,-22.08908389471749,6586,71.17666052986239,7.83115417784322,79.0078147077056,56.91873081298811
265,6608,-20.857006162823886,3.717922766870649,6588,0.08292351265719211,0.03785506365846083,0.12077857631565295,3.838701343186302
266,6630,-20.857006162823886,3.717922766870649,6610,0.08292351265719211,0.03785506365846083,0.12077857631565295,3.838701343186302
267,6653,-20.857006162823886,3.717922766870649,6633,0.08292351265719211,0.03785506365846083,0.12077857631565295,3.838701343186302
268,6676,20.429323536804148,-18.363017424369566,6676,35.190484760828454,3.6018562003452588,38.792340961173714,20.429323536804148
269,6698,-20.857006162823886,3.717922766870649,6678,0.08292351265719211,0.03785506365846083,0.12077857631565295,3.838701343186302
270,6723,18.91283713810067,-6.580828133113005,6713,27.38206021124565,2.8016866949098875,30.183746906155537,23.602918773042532
271,6747,18.82206138541617,0.9054227668706489,6726,22.223052590700803,2.238517871007029,24.461570461707833,25.36699322857848
272,6770,-20.86152972080218,3.717922766870649,6749,0.08292351265719211,0.03785506365846083,0.12077857631565295,3.838701343186302
273,6789,17.040737331930316,-12.796914642186794,6784,28.67305441100686,2.9359444211214565,31.608998832128314,18.812084189941523
274,6812,18.82206138541617,0.9054227668706489,6792,22.223052590700803,2.238517871007029,24.461570461707833,25.36699322857848
275,6835,-17.624285577673003,3.717922766870649,6814,0.08292351265719211,0.03785506365846083,0.12077857631565295,3.838701343186302
276,6858,-20.857006162823886,3.717922766870649,6837,0.08292351265719211,0.03785506365846083,0.12077857631565295,3.838701343186302
277,6883,-20.861529720802174,3.717922766870649,6860,0.08292351265719211,0.03785506365846083,0.12077857631565295,3.838701343186302
278,6905,-20.857006162823886,3.717922766870649,6885,0.08292351265719211,0.03785506365846083,0.12077857631565295,3.838701343186302
279,6927,-20.857006162823886,3.717922766870649,6907,0.08292351265719211,0.03785506365846083,0.12077857631565295,3.838701343186302
280,6951,-20.86152972080218,3.717922766870649,6929,0.08292351265719211,0.03785506365846083,0.12077857631565295,3.838701343186302
281,6974,-20.86152972080218,3.717922766870649,6953,0.08292351265719211,0.03785506365846083,0.12077857631565295,3.838701343186302
282,6996,-20.857006162823886,3.717922766870649,6976,0.08292351265719211,0.03785506365846083,0.12077857631565295,3.838701343186302
283,7014,-18.926374457189475,3.717922766870649,6998,0.08292351265719211,0.03785506365846083,0.12077857631565295,3.838701343186302
284,7035,-17.179147112661767,3.717922766870649,7016,0.08292351265719211,0.03785506365846083,0.12077857631565295,3.838701343186302
285,7057,-20.857006162823886,3.717922766870649,7037,0.08292351265719211,0.03785506365846083,0.12077857631565295,3.838701343186302
286,7081,-18.12750073201692,3.717922766870649,7059,0.08292351265719211,0.03785506365846083,0.12077857631565295,3.838701343186302
287,7107,-17.62882695299755,3.717922766870649,7083,0.08292351265719211,0.03785506365846083,0.12077857631565295,3.838701343186302
288,7131,57.37248939438216,-21.66749345875756,7131,71.20409250966186,7.835890343477866,79.03998285313973,57.37248939438216
289,7153,-20.857006162823886,3.717922766870649,7133,0.08292351265719211,0.03785506365846083,0.12077857631565295,3.838701343186302
290,7176,-20.857006162823886,3.717922766870649,7155,0.08292351265719211,0.03785506365846083,0.12077857631565295,3.838701343186302
291,7199,-20.857006162823886,3.717922766870649,7178,0.08292351265719211,0.03785506365846083,0.12077857631565295,3.838701343186302
292,7218,51.53070983584974,-18.363017424369566,7218,62.89606988357979,6.997657376639506,69.8937272602193,51.53070983584974
293,7242,17.64561093269166,2.072715733592398,7222,22.652457809355454,2.244969062820436,24.897426872175892,26.970142605768288
294,7264,-20.857006162823886,3.717922766870649,7244,0.08292351265719211,0.03785506365846083,0.12077857631565295,3.838701343186302
295,7287,-20.861529720802174,6.530422766870707,7267,0.10512916027483321,0.04027426058848862,0.14540342086332184,6.675826187734029
296,7310,-20.86152972080218,3.717922766870649,7289,0.08292351265719211,0.03785506365846083,0.12077857631565295,3.838701343186302
297,7335,59.54611642467485,-19.86226589658352,7335,71.53373651651614,7.874645804742238,79.40838232125839,59.54611642467485
298,7357,-20.857006162823886,3.717922766870649,7337,0.08292351265719211,0.03785506365846083,0.12077857631565295,3.838701343186302
299,7383,55.92270978071744,-22.900768984470652,7383,71.01171357411272,7.811765191075395,78.82347876518811,55.92270978071744
300,7408,20.934445615344636,-17.83082813311301,7408,35.15857311545433,3.606700633003306,38.76527374845764,20.934445615344636
301,7429,-18.205746486796556,3.717922766870649,7410,0.08292351265719211,0.03785506365846083,0.12077857631565295,3.838701343186302
302,7454,18.7492180441794,-19.862265896583523,7454,35.021670618381535,3.589813322381392,38.61148394076292,18.7492180441794
303,7477,18.82206138541617,0.9054227668706489,7457,22.223052590700803,2.238517871007029,24.461570461707833,25.36699322857848
304,7498,51.43069751226378,-8.61226589658352,7491,57.54755086524457,6.449299785450238,63.9968506506948,55.38458475411129
305,7521,-20.86152972080218,3.717922766870649,7500,0.08292351265719211,0.03785506365846083,0.12077857631565295,3.838701343186302
306,7544,-20.861529720802174,3.717922766870649,7523,0.08292351265719211,0.03785506365846083,0.12077857631565295,3.838701343186302
307,7570,16.190392097325685,-22.089083894717493,7570,34.71637525296229,3.5631007390808866,38.279475992043174,16.190392097325685
308,7593,-20.86152972080218,3.717922766870649,7572,0.08292351265719211,0.03785506365846083,0.12077857631565295,3.838701343186302
309,7615,-17.619726036847155,3.717922766870649,7595,0.08292351265719211,0.03785506365846083,0.12077857631565295,3.838701343186302
310,7640,16.33485759833754,-22.089083894717493,7640,34.860840753974145,3.5631007390808875,38.42394149305503,16.33485759833754
311,7662,-18.210182968035713,3.717922766870649,7642,0.08292351265719211,0.03785506365846083,0.12077857631565295,3.838701343186302
312,7686,16.334857598337535,-22.08908389471749,7686,34.86084075397414,3.5631007390808866,38.423941493055025,16.334857598337535
313,7709,18.822061385416163,-1.5469146421868936,7690,22.75623712783074,2.2972034992202817,25.05344062705102,23.50652598486413
314,7731,-20.857006162823886,3.717922766870649,7711,0.08292351265719211,0.03785506365846083,0.12077857631565295,3.838701343186302
315,7752,17.85268086190574,-13.51838093815865,7745,28.639528151908745,2.9318909713766166,31.571419123285363,18.05303818512671
316,7774,-20.857006162823886,3.717922766870649,7754,0.08292351265719211,0.03785506365846083,0.12077857631565295,3.838701343186302
317,7796,-20.857006162823886,3.717922766870649,7776,0.08292351265719211,0.03785506365846083,0.12077857631565295,3.838701343186302
318,7822,18.67666491545753,-19.862265896583523,7822,34.949117489659656,3.5898133223813926,38.53893081204105,18.67666491545753
319,7845,-20.861529720802174,3.717922766870649,7824,0.08292351265719211,0.03785506365846083,0.12077857631565295,3.838701343186302
320,7870,16.19039209732569,-22.089083894717493,7870,34.716375252962294,3.563100739080887,38.27947599204318,16.19039209732569
321,7892,-20.857006162823886,3.717922766870649,7872,0.08292351265719211,0.03785506365846083,0.12077857631565295,3.838701343186302
322,7915,-17.619726036847155,3.717922766870649,7895,0.08292351265719211,0.03785506365846083,0.12077857631565295,3.838701343186302
323,7938,16.334857598337535,-22.08908389471749,7938,34.86084075397414,3.5631007390808866,38.423941493055025,16.334857598337535
324,7961,18.822061385416163,-19.862265896583523,7961,35.0945139596183,3.5898133223813926,38.68432728199969,18.822061385416163
325,7986,16.26248067068489,-22.089083894717493,7986,34.7884638263215,3.5631007390808866,38.351564565402384,16.26248067068489
326,8011,15.83547388014758,-13.518380938158653,8001,28.639528151908745,2.931890971376616,31.571419123285363,18.05303818512671
327,8037,-20.861529720802174,3.717922766870649,8013,0.08292351265719211,0.03785506365846083,0.12077857631565295,3.838701343186302
328,8059,-20.857006162823886,3.717922766870649,8039,0.08292351265719211,0.03785506365846083,0.12077857631565295,3.838701343186302
329,8082,-20.861529720802174,6.530422766870707,8062,0.10512916027483321,0.04027426058848862,0.14540342086332184,6.675826187734029
330,8104,51.29654809997167,-8.612265896583523,8097,57.42989108307841,6.449299785450237,63.879190868528646,55.26692497194513
331,8127,16.334857598337535,-12.796914642186794,8118,28.67305441100686,2.9359444211214565,31.608998832128314,18.812084189941523
332,8149,-20.857006162823886,3.717922766870649,8129,0.08292351265719211,0.03785506365846083,0.12077857631565295,3.838701343186302
333,8174,-20.857006162823886,3.717922766870649,8151,0.08292351265719211,0.03785506365846083,0.12077857631565295,3.838701343186302
334,8198,16.26248067068489,-12.796914642186794,8189,28.613028354298265,2.9359444211214565,31.54897277541972,18.75205813323293
335,8217,-18.930476527791065,3.717922766870649,8200,0.08292351265719211,0.03785506365846083,0.12077857631565295,3.838701343186302
336,8243,-20.87052287781667,3.717922766870649,8219,0.08292351265719211,0.03785506365846083,0.12077857631565295,3.838701343186302
337,8265,-20.857006162823886,3.717922766870649,8245,0.08292351265719211,0.03785506365846083,0.12077857631565295,3.838701343186302
338,8289,-20.86152972080218,3.717922766870649,8267,0.08292351265719211,0.03785506365846083,0.12077857631565295,3.838701343186302
339,8312,18.82206138541617,-19.862265896583523,8312,35.094513959618304,3.589813322381392,38.6843272819997,18.82206138541617
340,8334,-20.857006162823886,3.717922766870649,8314,0.08292351265719211,0.03785506365846083,0.12077857631565295,3.838701343186302
341,8358,18.7492180441794,-19.862265896583516,8358,35.021670618381535,3.589813322381392,38.61148394076292,18.7492180441794
342,8382,-20.866035256637126,3.717922766870649,8360,0.08292351265719211,0.03785506365846083,0.12077857631565295,3.838701343186302
343,8406,18.82206138541617,-19.862265896583523,8406,35.094513959618304,3.589813322381392,38.6843272819997,18.82206138541617
344,8433,59.25554376923056,-19.86226589658352,8433,71.24316386107185,7.874645804742238,79.1178096658141,59.25554376923056
345,8460,18.7492180441794,-4.258255761604603,8440,23.97389428534971,2.431603005159043,26.405497290508755,22.147241528904154
346,8484,-20.86152972080218,3.717922766870649,8462,0.08292351265719211,0.03785506365846083,0.12077857631565295,3.838701343186302
347,8510,16.26248067068489,-12.796914642186794,8500,28.613028354298265,2.9359444211214565,31.54897277541972,18.75205813323293
348,8533,-20.857006162823886,3.717922766870649,8512,0.08292351265719211,0.03785506365846083,0.12077857631565295,3.838701343186302
349,8556,16.33485759833754,-22.089083894717493,8556,34.860840753974145,3.563100739080887,38.42394149305503,16.33485759833754
350,8581,20.429323536804148,-18.363017424369566,8581,35.190484760828454,3.6018562003452588,38.792340961173714,20.429323536804148
351,8610,58.41739378360759,-20.332742873148042,8610,70.89014915598744,7.859987500768205,78.75013665675564,58.41739378360759
352,8633,16.33485759833754,-22.089083894717493,8633,34.86084075397414,3.563100739080887,38.423941493055025,16.33485759833754
353,8655,-20.857006162823886,3.717922766870649,8635,0.08292351265719211,0.03785506365846083,0.12077857631565295,3.838701343186302
354,8677,-20.857006162823886,3.717922766870649,8657,0.08292351265719211,0.03785506365846083,0.12077857631565295,3.838701343186302
355,8701,15.907823368223422,-1.5469146421868936,8681,22.75623712783074,2.2972034992202817,25.05344062705102,23.50652598486413
356,8726,18.7492180441794,-4.258255761604603,8708,23.973894285349715,2.431603005159043,26.40549729050876,22.147241528904154
357,8750,-20.857006162823886,3.717922766870649,8728,0.08292351265719211,0.03785506365846083,0.12077857631565295,3.838701343186302
358,8775,57.22757104605947,-21.667493458757562,8775,71.05917416133916,7.835890343477866,78.89506450481703,57.22757104605947
359,8798,-18.210182968035713,3.717922766870649,8777,0.08292351265719211,0.03785506365846083,0.12077857631565295,3.838701343186302
360,8821,-18.122946331597863,3.717922766870649,8800,0.08292351265719211,0.03785506365846083,0.12077857631565295,3.838701343186302
361,8844,-20.857006162823886,3.717922766870649,8823,0.08292351265719211,0.03785506365846083,0.12077857631565295,3.838701343186302
362,8867,-20.857006162823886,3.717922766870649,8846,0.08292351265719211,0.03785506365846083,0.12077857631565295,3.838701343186302
363,8895,58.41739378360759,-20.332742873148042,8895,70.89014915598743,7.859987500768205,78.75013665675563,58.41739378360759
364,8917,-20.857006162823886,3.717922766870649,8897,0.08292351265719211,0.03785506365846083,0.12077857631565295,3.838701343186302
365,8941,-18.127500732016912,6.530422766870707,8921,0.10512916027483321,0.04027426058848862,0.14540342086332184,6.675826187734029
366,8964,51.76318602962372,-11.250000000000007,8956,57.35149470937347,6.425521626518586,63.77701633589206,52.52701633589206
367,8984,52.190847459965475,-8.612265896583516,8979,57.547550865244574,6.449299785450239,63.99685065069481,55.38458475411128
368,9011,59.255543769230556,-19.86226589658352,9011,71.24316386107185,7.874645804742239,79.1178096658141,59.255543769230556
369,9035,59.54611642467485,-19.86226589658352,9035,71.53373651651614,7.874645804742239,79.40838232125839,59.54611642467485
370,9060,59.54611642467485,-19.86226589658352,9060,71.53373651651614,7.874645804742239,79.40838232125839,59.54611642467485
371,9083,51.897393599951435,-11.249999999999996,9076,57.351494709373476,6.425521626518587,63.777016335892064,52.52701633589206
372,9109,59.4005401042826,-19.86226589658352,9109,71.38816019612392,7.874645804742237,79.26280600086616,59.4005401042826
373,9134,59.54611642467485,-19.86226589658352,9134,71.53373651651614,7.874645804742239,79.40838232125839,59.54611642467485
374,9162,59.4005401042826,-19.86226589658352,9162,71.38816019612392,7.874645804742237,79.26280600086616,59.4005401042826
375,9187,59.4005401042826,-19.86226589658352,9187,71.38816019612392,7.874645804742238,79.26280600086616,59.4005401042826
376,9213,59.54611642467485,-19.86226589658352,9213,71.53373651651614,7.874645804742239,79.40838232125839,59.54611642467485
377,9238,59.54611642467485,-19.86226589658352,9238,71.53373651651614,7.874645804742239,79.40838232125839,59.54611642467485
378,9262,59.54611642467485,-19.86226589658352,9262,71.53373651651614,7.874645804742239,79.40838232125839,59.54611642467485
379,9284,51.565928772551146,-8.612265896583516,9277,57.547550865244574,6.449299785450239,63.99685065069481,55.38458475411128
380,9308,59.54611642467485,-19.86226589658352,9308,71.53373651651614,7.874645804742239,79.40838232125839,59.54611642467485
381,9334,59.54611642467485,-19.86226589658352,9334,71.53373651651614,7.874645804742239,79.40838232125839,59.54611642467485
382,9360,59.25554376923055,-19.86226589658352,9360,71.24316386107188,7.874645804742238,79.11780966581412,59.25554376923055
383,9385,51.62951315081126,-11.249999999999996,9376,57.351494709373476,6.425521626518587,63.777016335892064,52.52701633589206
384,9411,59.40054010428259,-19.86226589658352,9411,71.38816019612389,7.874645804742239,79.26280600086614,59.40054010428259
385,9436,57.75234058298642,-21.23465929584287,9436,71.14142067003536,7.8455792087939615,78.98699987882932,57.75234058298642
386,9462,59.54611642467485,-19.86226589658352,9462,71.53373651651614,7.874645804742239,79.40838232125839,59.54611642467485
387,9486,59.54611642467485,-19.86226589658352,9486,71.53373651651614,7.874645804742239,79.40838232125839,59.54611642467485
388,9511,57.75234058298642,-21.23465929584287,9511,71.14142067003536,7.84557920879396,78.98699987882932,57.75234058298642
389,9533,51.897393599951435,-11.249999999999996,9526,57.351494709373476,6.425521626518587,63.777016335892064,52.52701633589206
390,9560,59.40054010428259,-19.86226589658352,9560,71.38816019612392,7.874645804742239,79.26280600086616,59.40054010428259
391,9586,57.89742342432649,-21.23465929584287,9586,71.28650351137541,7.8455792087939615,79.13208272016938,57.89742342432649
392,9608,51.897393599951435,-11.249999999999996,9601,57.351494709373476,6.425521626518587,63.777016335892064,52.52701633589206
393,9633,59.54611642467485,-19.86226589658352,9633,71.53373651651614,7.874645804742239,79.40838232125839,59.54611642467485
394,9658,59.54611642467485,-19.86226589658352,9658,71.53373651651614,7.874645804742239,79.40838232125839,59.54611642467485
395,9682,59.54611642467485,-19.86226589658352,9682,71.53373651651614,7.874645804742239,79.40838232125839,59.54611642467485
396,9708,59.54611642467485,-19.86226589658352,9708,71.53373651651614,7.874645804742239,79.40838232125839,59.54611642467485
397,9732,59.54611642467485,-19.86226589658352,9732,71.53373651651614,7.874645804742239,79.40838232125839,59.54611642467485
398,9758,59.54611642467485,-19.86226589658352,9758,71.53373651651614,7.874645804742239,79.40838232125839,59.54611642467485
399,9782,59.54611642467485,-19.86226589658352,9782,71.53373651651614,7.874645804742239,79.40838232125839,59.54611642467485
400,9803,51.897393599951435,-11.249999999999996,9796,57.351494709373476,6.425521626518587,63.777016335892064,52.52701633589206
401,9828,59.4005401042826,-19.86226589658352,9828,71.38816019612392,7.874645804742237,79.26280600086616,59.4005401042826
402,9852,59.54611642467485,-19.86226589658352,9852,71.53373651651614,7.874645804742239,79.40838232125839,59.54611642467485
403,9877,59.40054010428261,-19.86226589658352,9877,71.38816019612392,7.874645804742237,79.26280600086616,59.40054010428261
404,9903,59.54611642467485,-19.86226589658352,9903,71.53373651651614,7.874645804742239,79.40838232125839,59.54611642467485
405,9929,59.54611642467485,-19.86226589658352,9929,71.53373651651614,7.874645804742239,79.40838232125839,59.54611642467485
406,9955,59.54611642467485,-19.86226589658352,9955,71.53373651651614,7.874645804742239,79.40838232125839,59.54611642467485
407,9980,59.4005401042826,-19.86226589658352,9980,71.38816019612392,7.874645804742239,79.26280600086616,59.4005401042826
408,10005,59.54611642467485,-19.86226589658352,10005,71.53373651651614,7.874645804742239,79.40838232125839,59.54611642467485
409,10029,59.54611642467485,-19.86226589658352,10029,71.53373651651614,7.874645804742239,79.40838232125839,59.54611642467485
410,10052,59.236707187613064,-18.363017424369563,10052,69.88622177981841,7.713502832164232,77.59972461198265,59.236707187613064
411,10078,59.25554376923055,-19.86226589658352,10078,71.24316386107185,7.874645804742239,79.1178096658141,59.25554376923055
412,10099,52.190847459965475,-8.612265896583516,10093,57.547550865244574,6.449299785450239,63.99685065069481,55.38458475411128
413,10126,57.75234058298642,-21.23465929584287,10126,71.14142067003536,7.84557920879396,78.98699987882932,57.75234058298642
414,10153,59.4005401042826,-19.86226589658352,10153,71.38816019612392,7.874645804742238,79.26280600086616,59.4005401042826
415,10172,52.190847459965475,-8.612265896583516,10167,57.547550865244574,6.449299785450239,63.99685065069481,55.38458475411128
416,10193,51.897393599951435,-11.249999999999996,10186,57.351494709373476,6.425521626518587,63.777016335892064,52.52701633589206
417,10218,59.54611642467485,-19.86226589658352,10218,71.53373651651614,7.874645804742239,79.40838232125839,59.54611642467485
418,10242,59.54611642467485,-19.86226589658352,10242,71.53373651651614,7.874645804742239,79.40838232125839,59.54611642467485
419,10267,59.40054010428259,-19.86226589658352,10267,71.38816019612392,7.874645804742239,79.26280600086616,59.40054010428259
420,10293,59.25554376923055,-19.86226589658352,10293,71.24316386107185,7.874645804742239,79.1178096658141,59.25554376923055
421,10318,59.4005401042826,-19.86226589658352,10318,71.38816019612392,7.874645804742239,79.26280600086616,59.4005401042826
422,10343,59.54611642467485,-19.86226589658352,10343,71.53373651651614,7.874645804742239,79.40838232125839,59.54611642467485
423,10371,59.54611642467485,-19.86226589658352,10371,71.53373651651614,7.874645804742239,79.40838232125839,59.54611642467485
424,10396,57.75234058298642,-21.23465929584287,10396,71.14142067003536,7.84557920879396,78.98699987882932,57.75234058298642
425,10420,59.54611642467485,-19.86226589658352,10420,71.53373651651614,7.874645804742239,79.40838232125839,59.54611642467485
426,10445,59.4005401042826,-19.86226589658352,10445,71.38816019612392,7.874645804742238,79.26280600086616,59.4005401042826
427,10466,51.43069751226378,-8.612265896583516,10459,57.547550865244574,6.449299785450239,63.99685065069481,55.38458475411128
428,10492,59.400540104282584,-19.86226589658352,10492,71.38816019612392,7.874645804742239,79.26280600086616,59.400540104282584
429,10517,59.4005401042826,-19.86226589658352,10517,71.38816019612392,7.874645804742237,79.26280600086616,59.4005401042826
430,10542,59.54611642467485,-19.86226589658352,10542,71.53373651651614,7.874645804742239,79.40838232125839,59.54611642467485
431,10568,59.40054010428259,-19.86226589658352,10568,71.38816019612389,7.874645804742239,79.26280600086614,59.40054010428259
432,10594,59.54611642467485,-19.86226589658352,10594,71.53373651651614,7.874645804742239,79.40838232125839,59.54611642467485
433,10617,59.236707187613064,-18.363017424369563,10617,69.88622177981841,7.713502832164232,77.59972461198265,59.236707187613064
434,10642,59.4005401042826,-19.86226589658352,10642,71.38816019612392,7.874645804742238,79.26280600086616,59.4005401042826
435,10667,59.4005401042826,-19.86226589658352,10667,71.38816019612392,7.874645804742238,79.26280600086616,59.4005401042826
436,10688,52.84770398198252,-9.539965198743284,10682,57.48219881328753,6.4413737324730205,63.92357254576055,54.38360734701727
437,10714,59.4005401042826,-19.86226589658352,10714,71.38816019612392,7.874645804742237,79.26280600086616,59.4005401042826
438,10740,59.54611642467485,-19.86226589658352,10740,71.53373651651614,7.874645804742239,79.40838232125839,59.54611642467485
439,10765,59.4005401042826,-19.86226589658352,10765,71.38816019612392,7.874645804742239,79.26280600086616,59.4005401042826
440,10793,59.54611642467485,-19.86226589658352,10793,71.53373651651613,7.874645804742239,79.40838232125837,59.54611642467485
441,10819,59.400540104282584,-19.86226589658352,10819,71.38816019612392,7.874645804742239,79.26280600086616,59.400540104282584
442,10845,59.40054010428259,-19.86226589658352,10845,71.38816019612392,7.874645804742239,79.26280600086616,59.40054010428259
443,10869,59.54611642467485,-19.86226589658352,10869,71.53373651651614,7.874645804742239,79.40838232125839,59.54611642467485
444,10895,59.54611642467485,-19.86226589658352,10895,71.53373651651614,7.874645804742239,79.40838232125839,59.54611642467485
445,10920,59.4005401042826,-19.86226589658352,10920,71.38816019612392,7.874645804742239,79.26280600086616,59.4005401042826
446,10945,59.54611642467485,-19.86226589658352,10945,71.53373651651614,7.874645804742239,79.40838232125839,59.54611642467485
447,10971,59.4005401042826,-19.86226589658352,10971,71.38816019612392,7.874645804742239,79.26280600086616,59.4005401042826
448,10997,59.54611642467485,-19.86226589658352,10997,71.53373651651614,7.874645804742239,79.40838232125839,59.54611642467485
449,11023,59.54611642467485,-19.86226589658352,11023,71.53373651651614,7.874645804742239,79.40838232125839,59.54611642467485
450,11047,59.54611642467485,-19.86226589658352,11047,71.53373651651614,7.874645804742239,79.40838232125839,59.54611642467485
451,11071,57.89742342432649,-21.23465929584287,11071,71.2865035113754,7.845579208793961,79.13208272016936,57.89742342432649
452,11093,51.897393599951435,-11.249999999999996,11086,57.351494709373476,6.425521626518587,63.777016335892064,52.52701633589206
453,11118,59.54611642467485,-19.86226589658352,11118,71.53373651651614,7.874645804742239,79.40838232125839,59.54611642467485
454,11144,59.4005401042826,-19.86226589658352,11144,71.38816019612392,7.874645804742238,79.26280600086616,59.4005401042826
455,11170,59.54611642467485,-19.86226589658352,11170,71.53373651651614,7.874645804742239,79.40838232125839,59.54611642467485
456,11195,59.54611642467485,-19.86226589658352,11195,71.53373651651614,7.874645804742239,79.40838232125839,59.54611642467485
457,11221,57.75234058298641,-21.23465929584287,11221,71.14142067003534,7.8455792087939615,78.98699987882931,57.75234058298641
458,11249,59.25554376923055,-19.86226589658352,11249,71.24316386107185,7.874645804742239,79.1178096658141,59.25554376923055
459,11274,59.54611642467485,-19.86226589658352,11274,71.53373651651614,7.874645804742239,79.40838232125839,59.54611642467485
460,11298,59.54611642467485,-19.86226589658352,11298,71.53373651651614,7.874645804742239,79.40838232125839,59.54611642467485
461,11321,54.42179125779665,-8.612265896583516,11313,57.547550865244574,6.449299785450239,63.99685065069481,55.38458475411128
462,11346,59.4005401042826,-19.86226589658352,11346,71.38816019612392,7.874645804742239,79.26280600086616,59.4005401042826
463,11370,59.54611642467485,-19.86226589658352,11370,71.53373651651614,7.874645804742239,79.40838232125839,59.54611642467485
464,11396,59.54611642467485,-19.86226589658352,11396,71.53373651651614,7.874645804742239,79.40838232125839,59.54611642467485
465,11416,48.07616375389542,-8.612265896583516,11410,57.547550865244574,6.449299785450239,63.99685065069481,55.38458475411128
